baseline,seed,baseline_equal_category_accuracy_pct,safesense_difference_pp,difference_ci_low_pp,difference_ci_high_pp
Fusion-GCN,11,42.281007751937985,42.84883720930232,40.92635658914729,44.709447674418605
Fusion-GCN,22,47.71705426356589,37.41279069767441,35.090988372093044,39.70547480620155
Fusion-GCN,33,43.29069767441861,41.839147286821685,39.602664728682186,44.03100775193799
Skeleton-TCN,11,51.25581395348837,33.874031007751924,31.435998062015507,36.32567829457364
Skeleton-TCN,22,49.92054263565892,35.209302325581376,32.76937984496124,37.79651162790698
Skeleton-TCN,33,52.77131782945737,32.358527131782935,30.08720930232558,34.68028100775194
IMU-TCN,11,46.38953488372094,38.74031007751936,36.54636627906975,40.97093023255814
IMU-TCN,22,46.77713178294574,38.352713178294564,36.129602713178286,40.61046511627907
IMU-TCN,33,46.74418604651163,38.385658914728666,36.12785852713178,40.59307170542636
EarlyFusion-TCN,11,29.226744186046506,55.90310077519379,53.80426356589149,57.95542635658914
EarlyFusion-TCN,22,30.83333333333333,54.296511627906966,52.29457364341086,56.219040697674394
EarlyFusion-TCN,33,29.67054263565892,55.45930232558138,53.39917635658915,57.42054263565891
LateFusion-TCN,11,66.41472868217055,18.715116279069754,16.556201550387605,20.877906976744175
LateFusion-TCN,22,70.36434108527132,14.765503875968978,12.682170542635651,16.94394379844962
LateFusion-TCN,33,68.86434108527132,16.265503875968978,14.14530038759689,18.422480620155035
