baseline,seed,baseline_accuracy_pct,safesense_difference_pp,difference_ci_low_pp,difference_ci_high_pp,mcnemar_exact_p
Fusion-GCN,11,92.79069767441861,3.488372093023251,0.9302325581395432,6.04651162790698,0.010673840530216694
Fusion-GCN,22,94.41860465116278,1.8604651162790753,-0.46511627906976605,4.1860465116279055,0.16863754391670227
Fusion-GCN,33,93.25581395348837,3.023255813953485,0.46511627906976605,5.581395348837215,0.03508203336969018
Skeleton-TCN,11,78.6046511627907,17.674418604651166,13.953488372093027,21.395348837209305,5.3617847305687254e-21
Skeleton-TCN,22,77.90697674418605,18.372093023255808,14.651162790697668,22.09302325581396,7.210946989931019e-22
Skeleton-TCN,33,81.86046511627907,14.418604651162791,10.93023255813954,17.906976744186043,5.99563801384484e-17
IMU-TCN,11,82.32558139534883,13.953488372093027,10.459302325581397,17.906976744186043,5.632907524806409e-13
IMU-TCN,22,82.55813953488372,13.720930232558137,10.000000000000009,17.441860465116278,3.845005957472025e-13
IMU-TCN,33,82.09302325581396,14.186046511627904,10.465116279069765,17.906976744186053,3.137352112678877e-13
EarlyFusion-TCN,11,83.25581395348837,13.023255813953494,9.534883720930232,16.744186046511622,2.2750760151658833e-12
EarlyFusion-TCN,22,87.20930232558139,9.069767441860465,6.04651162790698,12.09302325581395,2.781192165457469e-09
EarlyFusion-TCN,33,84.88372093023256,11.395348837209307,7.906976744186045,14.883720930232558,1.363671398024735e-10
LateFusion-TCN,11,90.93023255813954,5.348837209302326,2.790697674418607,8.139534883720923,0.0001168418675661087
LateFusion-TCN,22,91.16279069767442,5.116279069767438,2.558139534883719,7.6744186046511675,0.00019512558355927467
LateFusion-TCN,33,94.18604651162791,2.0930232558139528,-0.23255813953488857,4.418604651162794,0.13604594767093658
