model,category,accuracy_pct
SafeSense,shift,95.95930232558139
SafeSense,frame_loss,94.34108527131784
SafeSense,noise,88.29457364341083
SafeSense,missing,57.05426356589146
SafeSense,composite,90.0
SafeSense,equal_category,85.1298449612403
Fusion-GCN,shift,93.32364341085272
Fusion-GCN,frame_loss,60.620155038759684
Fusion-GCN,noise,23.733850129198963
Fusion-GCN,missing,32.14470284237726
Fusion-GCN,composite,12.32558139534884
Fusion-GCN,equal_category,44.4295865633075
Skeleton-TCN,shift,62.58720930232558
Skeleton-TCN,frame_loss,43.15245478036176
Skeleton-TCN,noise,42.41602067183463
Skeleton-TCN,missing,28.96640826873385
Skeleton-TCN,composite,79.45736434108527
Skeleton-TCN,equal_category,51.31589147286822
IMU-TCN,shift,82.26744186046511
IMU-TCN,frame_loss,73.88888888888889
IMU-TCN,noise,42.91989664082688
IMU-TCN,missing,29.92248062015504
IMU-TCN,composite,4.186046511627907
IMU-TCN,equal_category,46.63695090439277
EarlyFusion-TCN,shift,63.052325581395344
EarlyFusion-TCN,frame_loss,43.087855297157624
EarlyFusion-TCN,noise,7.416020671834627
EarlyFusion-TCN,missing,31.266149870801037
EarlyFusion-TCN,composite,4.728682170542635
EarlyFusion-TCN,equal_category,29.91020671834625
LateFusion-TCN,shift,84.30232558139535
LateFusion-TCN,frame_loss,72.46770025839794
LateFusion-TCN,noise,67.39018087855297
LateFusion-TCN,missing,50.98191214470283
LateFusion-TCN,composite,67.59689922480621
LateFusion-TCN,equal_category,68.54780361757106
